{
    "Total Macro Loss": 0.36131372934085604,
    "Inflation Loss": 0.2152852915183002,
    "Unemployment Loss": 0.1460284378225558,
    "Interest Rate Smoothness (Policy Stability)": 0.0,
    "Mean Return (RL Performance Score)": -0.5765990208591563,
    "Variance of Returns (Stability of Policy)": 0.0,
    "Inflation Variance": 0.0007494697113593176,
    "Output Gap Variance": 0.0005148879834244985,
    "Recovery Time After Shock": 0.0,
    "Policy Reactivity": 0.0,
    "Policy Regret": 0.0
}