{
    "Total Macro Loss": 0.15536965957753882,
    "Inflation Loss": 0.05314678999999999,
    "Unemployment Loss": 0.10222286957753882,
    "Interest Rate Smoothness (Policy Stability)": 0.0,
    "Mean Return (RL Performance Score)": -0.2103164495775388,
    "Variance of Returns (Stability of Policy)": 0.0,
    "Inflation Variance": 0.0002867823143325617,
    "Output Gap Variance": 0.0006363315558082347,
    "Recovery Time After Shock": 0.0,
    "Policy Reactivity": 0.0,
    "Policy Regret": 0.0
}